"text_id","keyword_id"
"0","multi-service application"
"1","resource provisioning"
"2","association rule mining"
"3","collaborative filtering"
"4","latent topic models"
"5","recommender systems"
"6","distributed systems"
"7","reputation"
"8","security and protection"
"9","service-oriented architectures"
"10","trust management"
"11","patterns"
"12","rich internet applications"
"13","component model"
"14","graphical user interfaces"
"15","interaction styles"
"16","spreadsheet-based mashup patterns"
"17","spreadsheets"
"18","web data mashups"
"19","blogs"
"20","graph theory"
"21","information propagation"
"22","learning"
"23","memes"
"24","topic characterization"
"25","topic structure"
"26","viral propagation"
"27","viruses"
"28","b2b"
"29","business-to-business"
"30","change response"
"31","content analysis and indexing"
"32","continual query"
"33","information quality"
"34","semantic web"
"35","optimization"
"36","qos"
"37","service composition"
"38","web services"
"39","active learning"
"40","keyword generation"
"41","on-line information services"
"42","sponsored search"
"43","information search and retrieval"
"44","peer collaborative search"
"45","small world"
"46","topical crawlers"
"47","automated reasoning"
"48","daml"
"49","ontologies"
"50","representations"
"51","web service composition"
"52","interoperability"
"53","learning object repositories"
"54","social media"
"55","social recommendation"
"56","content match"
"57","contextual advertising"
"58","impression forecasting"
"59","online advertising"
"60","wand"
"61","high dimensional"
"62","latent"
"63","missing value"
"64","text mining"
"65","transfer learning"
"66","behavioral variability"
"67","web search"
"68","application servers"
"69","dynamic placement"
"70","startup performance"
"71","web hosting"
"72","dht"
"73","ir"
"74","p2p"
"75","query-driven indexing"
"76","text retrieval"
"77","browsing"
"78","clustering"
"79","document preparation"
"80","hypermedia generation"
"81","hypertext/hypermedia"
"82","knowledge representation formalisms and methods"
"83","media archives"
"84","multimedia information systems"
"85","rdf"
"86","search"
"87","web caching"
"88","assembly"
"89","computer-managed instruction"
"90","content management"
"91","data retrieval"
"92","information retrieval"
"93","instruction"
"94","learning object"
"95","linking"
"96","lom"
"97","metadata"
"98","organization"
"99","learning preferences"
"100","preference judgments"
"101","information extraction"
"102","markov logic networks"
"103","miscellaneous"
"104","site-level knowledge"
"105","structured data"
"106","web forums"
"107","context-aware search"
"108","variable length hidden markov model"
"109","aspect"
"110","browser"
"111","coding tools and techniques"
"112","ecmascript"
"113","javascript"
"114","membrane"
"115","reference monitor"
"116","remote object"
"117","same origin policy"
"118","web security"
"119","wrapper"
"120","number-theoretic computations"
"121","abstraction"
"122","refinement"
"123","access control policies"
"124","fault model"
"125","mutation testing"
"126","test generation"
"127","testing tools"
"128","xml query"
"129","xml schema evolution"
"130","control"
"131","news personalization"
"132","open user model"
"133","trust"
"134","user profile"
"135","adaptive user interfaces"
"136","tracing"
"137","tree edit distance"
"138","tree pruning"
"139","web blocks"
"140","load balancing"
"141","multi-attribute"
"142","range queries"
"143","named entity"
"144","ontology"
"145","query logs"
"146","cache"
"147","client-side"
"148","data base"
"149","database"
"150","general"
"151","web"
"152","enterprise search"
"153","faceted search"
"154","social search"
"155","service adaptation"
"156","flickr"
"157","geo-tags"
"158","mechanical turk"
"159","media applications"
"160","orienteering problem"
"161","rich media"
"162","travel itinerary"
"163","geographical gazetteer"
"164","georeferencing"
"165","image mining"
"166","tourist sites"
"167","visit times"
"168","expected weighted hoeffding distance"
"169","ranking"
"170","search algorithm dissimilarity"
"171","delay-tolerant networking"
"172","developing regions"
"173","wiki"
"174","advertising"
"175","approximation algorithms"
"176","auctions"
"177","externalities"
"178","change in pagerank"
"179","pagerank"
"180","random surfer model"
"181","search engine's impact"
"182","web evolution"
"183","decision tree"
"184","layout analysis"
"185","machine learning"
"186","support vector machine"
"187","table detection"
"188","classification"
"189","statistical language models"
"190","vandalism"
"191","wikipedia"
"192","data api network"
"193","mashup navigation"
"194","semantic"
"195","social"
"196","end-user programming"
"197","mashup"
"198","nested table"
"199","reusable software"
"200","spreadsheet"
"201","applications"
"202","http"
"203","mutual authentication"
"204","web systems"
"205","earthquake"
"206","event detection"
"207","location estimation"
"208","social sensor"
"209","twitter"
"210","distributed"
"211","peer-to-peer"
"212","reasoning"
"213","self-organisation"
"214","generation of web content"
"215","level of detail"
"216","video stream"
"217","web browser from video streams and their metadat"
"218","community structure"
"219","conductance"
"220","flow-based methods"
"221","graph partitioning"
"222","spectral methods"
"223","credibility"
"224","dispute"
"225","annotation"
"226","argumentation"
"227","cscw"
"228","decision support"
"229","sensemaking"
"230","social networks"
"231","assistment"
"232","computer-assisted instruction"
"233","intelligent tutoring system"
"234","mcas"
"235","predict"
"236","game theory"
"237","privacy"
"238","online social networks"
"239","parallelization"
"240","software architectures"
"241","web crawler"
"242","web spider"
"243","social network privacy"
"244","usability"
"245","anomaly detection"
"246","drive-by-download attacks"
"247","web client exploits"
"248","plsa"
"249","question answering"
"250","question recommendation"
"251","document summarization"
"252","tag"
"253","data extraction"
"254","adversarial interface design"
"255","design principles"
"256","evil interfaces"
"257","malicious interfaces"
"258","web usability guidelines"
"259","scalable sense integration"
"260","bibliometrics"
"261","context"
"262","gleason's theorem"
"263","network architecture and design"
"264","cosine similarity"
"265","emotional valence detection"
"266","machine-generated content"
"267","media fragments"
"268","video accessibility"
"269","video url"
"270","data exploration"
"271","dynamic networks"
"272","re-publication"
"273","query refinements"
"274","random walks"
"275","patching"
"276","peer-to-peer networks"
"277","performance evaluation"
"278","video on-demand service"
"279","aggregated search"
"280","rdfa"
"281","web of data"
"282","basket recommendation"
"283","markov chain"
"284","matrix factorization"
"285","language models"
"286","search query processing"
"287","very large-scale experiments"
"288","web n-gram"
"289","cross-site scripting"
"290","filter"
"291","unauthorized access"
"292","xss"
"293","documentid reassignment"
"294","index compression"
"295","document overlap"
"296","shingling"
"297","natural language processing"
"298","wikipedia vandalism detection"
"299","folksonomy"
"300","social tagging"
"301","web 2.0"
"302","index structures"
"303","linked data"
"304","rdf querying"
"305","folksonomies"
"306","groupme!"
"307","content redundancy"
"308","attention economics"
"309","quality of online content"
"310","user generated content"
"311","collective knowledge"
"312","social information processing"
"313","taxonomies"
"314","data quality"
"315","temporal coherence"
"316","web archiving"
"317","markov models"
"318","ranking prediction"
"319","homophily"
"320","randomization"
"321","social influence"
"322","entity relation discovery"
"323","link"
"324","web table"
"325","data record extraction"
"326","link recommendation"
"327","random walk"
"328","database applications"
"329","domain adaptation"
"330","feature alignment"
"331","opinion mining"
"332","sentiment classification"
"333","design tools and techniques"
"334","entity matching"
"335","email profiles"
"336","reply probability"
"337","reply time"
"338","geolocation"
"339","graph mining"
"340","photo collections"
"341","trip planning"
"342","diversity"
"343","intents"
"344","subtopics"
"345","automatic speech recognition"
"346","key-phrase extraction"
"347","media archiving"
"348","multimedia"
"349","probabilistic algorithms"
"350","semantic annotation"
"351","topical segmentation"
"352","evaluation"
"353","object retrieval"
"354","semantic search"
"355","data mining"
"356","time management"
"357","web log analysis"
"358","semantic web challenge groups"
"359","user interfaces"
"360","attribute grammar"
"361","box model"
"362","css"
"363","font"
"364","html"
"365","layout"
"366","mobile"
"367","multicore"
"368","selector"
"369","blocking"
"370","broken links"
"371","instance matching"
"372","link integrity"
"373","boinc"
"374","citizen science"
"375","crowdsourcing"
"376","motivations"
"377","online communities"
"378","seti@home"
"379","volunteer computing"
"380","web browser"
"381","band-width"
"382","caching"
"383","ethiopia"
"384","latency"
"385","limited connectivity"
"386","personal data"
"387","prefetching"
"388","sms"
"389","www access"
"390","ad auctions"
"391","clickthrough rate"
"392","conversion rate"
"393","user behavior models"
"394","graph regularization"
"395","review helpfulness"
"396","review quality"
"397","social network"
"398","content filtering"
"399","content promotion"
"400","social and behavioral sciences"
"401","click logs"
"402","implicit feedback"
"403","presentation bias"
"404","html5"
"405","json"
"406","object persistence"
"407","object-oriented programming"
"408","web storage"
"409","query ambiguity"
"410","result diversity"
"411","search diversity"
"412","graphical models"
"413","mood"
"414","music"
"415","recommendations"
"416","sessions"
"417","taste"
"418","all-pay auction"
"419","cheap talk"
"420","contest"
"421","electronic markets"
"422","entry deterrence"
"423","browser extensions"
"424","implicit measures"
"425","communications applications"
"426","communities"
"427","endorsement social networks"
"428","components"
"429","framework"
"430","integration"
"431","virtual environments"
"432","client-server distributed systems"
"433","ict"
"434","mobile computing"
"435","mobile phones"
"436","paper user interface"
"437","rural development"
"438","web query"
"439","xml"
"440","chatroulette"
"441","obscene content detection"
"442","online video chat"
"443","decentralized search"
"444","keyword querying"
"445","semantic wikis"
"446","visual query languages"
"447","database selection"
"448","lowest common ancestor"
"449","boostrapping algorithm"
"450","ner"
"451","weakly-supervised learning"
"452","rated aspect summarization"
"453","rating prediction"
"454","short comments"
"455","information diffusion"
"456","social contagion"
"457","named graphs"
"458","trust mechanisms"
"459","trust policies"
"460","a/b testing"
"461","bucket testing"
"462","location and activity recommendations"
"463","deep web"
"464","source selection"
"465","sourcerank"
"466","web integration"
"467","breakpoints"
"468","debugging"
"469","dynamic"
"470","firebug"
"471","effective diameter"
"472","neighbourhood function"
"473","probabilistic counters"
"474","shortest paths"
"475","drive-by download exploits"
"476","efficient web page filtering"
"477","invasive software"
"478","malicious web page analysis"
"479","pricing mechanisms"
"480","shapley value"
"481","entity extraction"
"482","entity ranking"
"483","entity search"
"484","structured database search"
"485","information access"
"486","wikis"
"487","burstiness"
"488","multi-tiered systems"
"489","resource allocation"
"490","hierarchy"
"491","measure"
"492","analogical reasoning"
"493","community question answering"
"494","probabilistic topic model"
"495","recommendation"
"496","travelogue mining"
"497","pseudo-relevance feedback"
"498","query suggestion"
"499","entity pages"
"500","parallel paths"
"501","semi-structured data"
"502","web structure mining"
"503","click data"
"504","image re-ranking"
"505","image search"
"506","short urls"
"507","web information integration"
"508","web lists"
"509","web mining"
"510","document routing"
"511","index partitioning"
"512","inverted index"
"513","online algorithm"
"514","browser extension"
"515","computer uses in education"
"516","connectivity"
"517","web acceleration"
"518","nonnumerical algorithms and problems"
"519","population estimator"
"520","sampling"
"521","undirected graph"
"522","arduino"
"523","compass"
"524","geo-browsing"
"525","gps"
"526","maps"
"527","mobile photo browsing"
"528","fastcgi"
"529","php"
"530","scripting"
"531","sendfile"
"532","web server"
"533","zero copy"
"534","cache consistency"
"535","change characteristics"
"536","collected content"
"537","object composition"
"538","object relationships"
"539","server invalidation"
"540","back navigation"
"541","revisitation"
"542","usability study"
"543","web trails"
"544","web usage"
"545","geo-tagged data"
"546","place recommendation"
"547","user-generated content"
"548","propagation"
"549","behavior targeting"
"550","heat diffusion"
"551","influence propagation"
"552","social network analysis"
"553","indexing"
"554","signature"
"555","semantic annotation of web services"
"556","semantic web services"
"557","web services discovery"
"558","wsdl"
"559","wordnet"
"560","geo-spatial"
"561","knowledge base"
"562","multilingual"
"563","temporal"
"564","textual"
"565","labeled trees"
"566","xml compression and indexing"
"567","annotations"
"568","annotea"
"569","fluid documents"
"570","web augmentation with open hypermedia"
"571","xlink"
"572","xpointer"
"573","description logics"
"574","owl"
"575","structured objects"
"576","relational databases"
"577","p2p network"
"578","polling protocol"
"579","provenance"
"580","content distribution networks"
"581","data consistency"
"582","data dissemination"
"583","dynamic data"
"584","leases"
"585","pullc"
"586","push"
"587","scalability"
"588","world wide web"
"589","query modification"
"590","rule extraction"
"591","sensitivity analysis"
"592","influence"
"593","passivity"
"594","query recommender systems"
"595","web search effectiveness"
"596","discourse analysis"
"597","spoken dialogue systems"
"598","xpath"
"599","anonymization"
"600","personalized search"
"601","privacy-preserving data publishing"
"602","context-awareness"
"603","query auto-completion"
"604","query expansion"
"605","hoeffding's inequality"
"606","query grammar"
"607","query structure"
"608","unsupervised query segmentation"
"609","citation network"
"610","language model"
"611","topic evolution"
"612","topology"
"613","object ranking"
"614","query log analysis"
"615","search results diversification"
"616","graph clustering"
"617","graph compression"
"618","web graphs"
"619","automatic image annotation"
"620","image-text alignment"
"621","relevance re-ranking"
"622","implementation"
"623","lsh"
"624","lsi"
"625","question authoring"
"626","complex event processing"
"627","etalis"
"628","logic programming"
"629","rule systems"
"630","streams"
"631","auction"
"632","dynamics"
"633","peer-to-peer lending service"
"634","user behavior"
"635","stigmergy"
"636","systems and software"
"637","virtual pheromones"
"638","web collaboration"
"639","keyword query interpretation"
"640","query history"
"641","cyberlockers"
"642","file hosting services"
"643","rapidshare"
"644","entity tagging"
"645","tag association"
"646","tag discovery"
"647","link analysis"
"648","som"
"649","visualization"
"650","query intent"
"651","retrieval model"
"652","web entity intent"
"653","attribute discovery"
"654","collective information extraction"
"655","commerce search"
"656","integer linear program"
"657","weak supervision"
"658","atom"
"659","feeds"
"660","location-based services"
"661","rss"
"662","community detection"
"663","network formation"
"664","query incentive networks"
"665","viral marketing"
"666","affinity propagation"
"667","k-means"
"668","short text"
"669","svd"
"670","distributed computing"
"671","microcomputations"
"672","micropayments"
"673","monetization"
"674","liquid architectures"
"675","programming models"
"676","rest"
"677","geographical topics"
"678","topic comparison"
"679","topic modeling"
"680","sentiment analysis"
"681","sentiment lexicon"
"682","semantic analysis"
"683","semantic similarity"
"684","temporal dynamics"
"685","temporal semantics"
"686","word relatedness"
"687","graph analysis"
"688","large-scale data collection"
"689","network evolution"
"690","click model"
"691","intent bias"
"692","intent diversity"
"693","search engine"
"694","approval voting"
"695","contextual opinion"
"696","grammatical tree derivation"
"697","sentence level"
"698","ajax"
"699","automatic debugging"
"700","static analysis"
"701","mindmap"
"702","software engineering"
"703","user-driven composition"
"704","web application"
"705","boosted regression trees"
"706","boosting"
"707","parallel computing"
"708","adversarial data mining"
"709","review spam"
"710","spammer group detection"
"711","mobile queries"
"712","mobile search"
"713","mobile search query analysis"
"714","query categorization"
"715","voice queries"
"716","consumer review organization"
"717","product aspect hierarchy"
"718","influential mediator"
"719","content delivery networks"
"720","filtering"
"721","microblogging"
"722","social tv"
"723","learning to rank"
"724","relevance measures"
"725","social media analytics"
"726","social media credibility"
"727","consumer surplus"
"728","product search"
"729","utility theory"
"730","effectiveness measures"
"731","measure informativeness"
"732","novelty"
"733","a* search"
"734","query completion"
"735","spelling correction"
"736","transformation model"
"737","data integration"
"738","enterprise data management"
"739","semantic link discovery"
"740","microblogs"
"741","politics"
"742","truthy"
"743","akamai"
"744","cdn performance"
"745","citizen sensing"
"746","mobile development application"
"747","people-content-network view of social media"
"748","semantic social mashup"
"749","semantic social web"
"750","social development application"
"751","social media analysis"
"752","social signals"
"753","internet usage"
"754","interviews"
"755","rural networks"
"756","connection clarity"
"757","post-click news recommendation"
"758","relatedness"
"759","relevance"
"760","transition smoothness"
"761","metrics"
"762","offline prediction"
"763","online evaluation"
"764","user engagement"
"765","cross-domain label propagation"
"766","heterogeneous knowledge propagation"
"767","text corpus and web images"
"768","translator function"
"769","iptv"
"770","social data mining"
"771","speech interface"
"772","data fusion"
"773","object consolidation"
"774","object coreference"
"775","property combination"
"776","self-training"
"777","query mining"
"778","query recommendation"
"779","query templates"
"780","ranking svm"
"781","latent dirichlet allocation"
"782","sentiment mining"
"783","stop-words"
"784","text and language applications"
"785","topic models"
"786","biomedical knowledge base"
"787","disease factors"
"788","relation extraction"
"789","functional importance"
"790","network metrics"
"791","affiliation networks"
"792","milgram's experiment"
"793","delay tolerant networking"
"794","mobility"
"795","simulation"
"796","adecn"
"797","electronic commerce"
"798","mechanism design"
"799","sequential screening"
"800","web architecture"
"801","adaptive approach"
"802","correlation of publications"
"803","ontology-based"
"804","bengwal"
"805","crf"
"806","emotions"
"807","expression"
"808","holder"
"809","svm"
"810","syntactic argument structure"
"811","topic"
"812","tracking"
"813","cloud"
"814","cluster"
"815","grid"
"816","grid service"
"817","resource management"
"818","online shopping"
"819","product images"
"820","shopping search"
"821","detection"
"822","drive-by download"
"823","malware distribution network"
"824","signature generation"
"825","arbitrary similarity measure"
"826","information storage and retrieval"
"827","iterative method"
"828","k-nearest neighbor graph"
"829","argument"
"830","controversy"
"831","graph constraints"
"832","pub/sub"
"833","entity-relation search"
"834","index design"
"835","web-scale"
"836","content quality models"
"837","page structure"
"838","segmentation"
"839","knowledge bases"
"840","summarization"
"841","rewriting"
"842","sparql query"
"843","sparql views"
"844","article generation"
"845","domain independent"
"846","template selection"
"847","personal photos"
"848","entity completion"
"849","loss of pk-fk"
"850","web databases"
"851","structural svm"
"852","video summarization"
"853","advertising effectiveness"
"854","browsing behavior"
"855","causal inference"
"856","field experiments"
"857","selection bias"
"858","minimum description length"
"859","structural clustering"
"860","compound splitting"
"861","multi-style language model"
"862","url segmentation"
"863","web scale word breaking"
"864","word segmentation"
"865","generalized nash equilibrium"
"866","methodologies"
"867","requirements"
"868","self-tuning"
"869","survivability"
"870","value"
"871","exploratory visualization"
"872","graphs"
"873","matrices"
"874","information spread"
"875","network science"
"876","structure"
"877","ecommerce"
"878","incentive compatibility"
"879","individual rationality"
"880","nash equilibrium"
"881","concepts"
"882","dispersion"
"883","education"
"884","readability"
"885","textbooks"
"886","audio search"
"887","literacy"
"888","mobile phone"
"889","spoken web"
"890","world wide telecom web"
"891","tag analysis"
"892","video search"
"893","dynamic query suggestion"
"894","query context"
"895","business intelligence"
"896","concept and image summarization"
"897","message-based interactions"
"898","synchronizability"
"899","relational duality"
"900","relational similarity"
"901","communication networks"
"902","communications"
"903","information flow"
"904","two-step flow"
"905","user/machine systems"
"906","data description languages"
"907","peer data management systems"
"908","adaptive hypermedia"
"909","content adaptation"
"910","mobile browser"
"911","fact-finders"
"912","graph algorithms"
"913","dirichlet processes"
"914","online inference"
"915","pragmatics"
"916","semantics"
"917","tagging"
"918","user characteristics"
"919","search logs"
"920","wrapper induction"
"921","adaptation"
"922","business process"
"923","tag ranking"
"924","internet"
"925","keyword auctions"
"926","model"
"927","search shortcut"
"928","keyword expansion"
"929","re-ranking"
"930","benchmark"
"931","replay"
"932","blind"
"933","screen reader"
"934","user models"
"935","visually impaired"
"936","buzz"
"937","recommenders"
"938","serendipity"
"939","behavioral targeting"
"940","click-through rate ."
"941","model validation and analysis"
"942","user segmentation"
"943","binary classifier"
"944","skewed class distribution"
"945","stratified sampling"
"946","threshold selection"
"947","web-page classification"
"948","games with a purpose"
"949","human computation"
"950","online games"
"951","rank aggregation"
"952","image retrieval"
"953","information network"
"954","collaborative tagging"
"955","high-level music descriptors"
"956","metadata enrichment"
"957","theme tag recommendations"
"958","intermittent network"
"959","low bandwidth"
"960","centroid"
"961","denormalized cosine measure"
"962","inner-class"
"963","inter-class"
"964","text classification"
"965","graph classification"
"966","web 2.0 ir"
"967","e-commerce"
"968","e-markets"
"969","marketplaces"
"970","selling practices"
"971","data release"
"972","differential privacy"
"973","query click graph"
"974","security, integrity, and protection"
"975","adaptive bidding"
"976","concentration bounds"
"977","display advertising"
"978","guaranteed delivery"
"979","guess-then-double algorithms"
"980","discovery"
"981","loosely coupled systems"
"982","service management"
"983","2.0"
"984","user content"
"985","web2.0"
"986","web-based personal health record"
"987","markov logic"
"988","probabilistic reasoning"
"989","uncertainty, fuzzy, and probabilistic reasoning"
"990","automatic lexicon compilation"
"991","mining transliteration pairs"
"992","person name"
"993","analysis of algorithms and problem complexity"
"994","bid optimization"
"995","optimal bidding"
"996","bayesian inference"
"997","online services"
"998","recommender system"
"999","geographical relevance"
"1000","image annotation"
"1001","categorization"
"1002","search engines"
"1003","click through rate"
"1004","cpc"
"1005","ctr"
"1006","gbdt"
"1007","gradient boosted decision trees"
"1008","jobs"
"1009","linear regression"
"1010","prediction"
"1011","treenet"
"1012","concept networks"
"1013","cross-reference"
"1014","knowledge based search"
"1015","unsupervised learning"
"1016","dsn"
"1017","mobile communication"
"1018","keyword extraction"
"1019","social snippets"
"1020","link prediction"
"1021","negative edge"
"1022","slashdot zoo"
"1023","derivatives"
"1024","incomplete markets"
"1025","services mashups"
"1026","wavelets"
"1027","query relaxation"
"1028","query results ranking"
"1029","top-k."
"1030","web database"
"1031","image ranking"
"1032","image summarization"
"1033","image spam"
"1034","local invariant features"
"1035","pyramid match kernel"
"1036","topic initiator"
"1037","crawling"
"1038","document age"
"1039","freshness"
"1040","monitoring"
"1041","business modeling"
"1042","business process modeling language"
"1043","software"
"1044","geotag"
"1045","object recognition"
"1046","representative images"
"1047","co-browsing"
"1048","collaboration"
"1049","collaborative computing"
"1050","shared browsing"
"1051","web4ce"
"1052","communication"
"1053","drag and drop"
"1054","portal"
"1055","start page"
"1056","widget"
"1057","e-fcm algorithm"
"1058","instance selection"
"1059","tcm-knn algorithm"
"1060","web server anomaly detection"
"1061","multi-view clustering"
"1062","reranking"
"1063","web image retrieval"
"1064","quality"
"1065","sitemaps"
"1066","form filling"
"1067","web applications"
"1068","burst analysis"
"1069","hot topics"
"1070","keyword correlation"
"1071","compression"
"1072","double-pareto"
"1073","index size"
"1074","power law"
"1075","reuse detection"
"1076","weblogs"
"1077","similarity"
"1078","hybrid query"
"1079","content recommendation"
"1080","ctr positional correlation"
"1081","openrulebench"
"1082","map/reduce"
"1083","parallel data mining"
"1084","web usage mining"
"1085","web user modeling"
"1086","mash-up"
"1087","pipes"
"1088","blog mining"
"1089","crosslanguage"
"1090","trend visualisation"
"1091","betweenness centrality"
"1092","clustering coefficient"
"1093","degree distribution"
"1094","diameter"
"1095","shortest path"
"1096","soft 404"
"1097","spam"
"1098","url redirection"
"1099","content-match"
"1100","nearest-neighbor"
"1101","client-side programming"
"1102","dom"
"1103","events"
"1104","language classifications"
"1105","script"
"1106","stylesheets"
"1107","xhtml"
"1108","xquery"
"1109","semantic portal"
"1110","soa"
"1111","query log"
"1112","search result ranking"
"1113","blog"
"1114","community"
"1115","content hole search"
"1116","sns"
"1117","similarity measure"
"1118","synonym generation"
"1119","process models"
"1120","user interface management systems"
"1121","web transaction"
"1122","long tail theory"
"1123","rare item detection"
"1124","rareness measure"
"1125","harmonic function"
"1126","semi-supervised learning"
"1127","online community"
"1128","rating"
"1129","hidden web"
"1130","web data extraction"
"1131","web form extraction"
"1132","web form mapping"
"1133","content quality"
"1134","delicious"
"1135","social bookmarking"
"1136","coauthorship networks"
"1137","collaboration social networks"
"1138","computer science"
"1139","image clustering"
"1140","visual diversity"
"1141","name disambiguation"
"1142","host graph"
"1143","nation graph"
"1144","web graph"
"1145","web structure"
"1146","staring people discovery"
"1147","genetic algorithm."
"1148","software reliability growth model"
"1149","weighted combination"
"1150","intrusion detection"
"1151","name alias extraction"
"1152","algorithm"
"1153","cascades"
"1154","competition"
"1155","epidemics"
"1156","winner-takes-all"
"1157","authenticity"
"1158","merkle hash tree"
"1159","web content distribution"
"1160","bayesian generative models"
"1161","hierarchical clustering"
"1162","stochastic block models"
"1163","fact finding"
"1164","document classification"
"1165","focused crawling"
"1166","offline"
"1167","web portal"
"1168","facebook"
"1169","social applications"
"1170","web robot population"
"1171","fake review detection"
"1172","group opinion spam"
"1173","opinion spam"
"1174","collusionrank"
"1175","link farming"
"1176","models"
"1177","facility dispersion"
"1178","generative models"
"1179","social rating networks"
"1180","user behavioral modeling"
"1181","bittorrent"
"1182","incentives"
"1183","private communities"
"1184","resale value"
"1185","share ratio enforcement"
"1186","3g networks"
"1187","periodic transfers"
"1188","periodicity detection"
"1189","radio resource optimization"
"1190","rrc state machine"
"1191","smartphone applications"
"1192","hashing"
"1193","nearest neighbor search"
"1194","auto-completions"
"1195","estimation,"
"1196","impressionrank"
"1197","popular keyword extraction"
"1198","suggestions"
"1199","web measurement"
"1200","web site classification"
"1201","information networks"
"1202","wikispeedia"
"1203","assisted browsing"
"1204","link suggestion"
"1205","quick links"
"1206","tail sites"
"1207","website clustering"
"1208","editors"
"1209","expertise"
"1210","network bucket testing"
"1211","scheduling"
"1212","task assignment"
"1213","team formation"
"1214","information"
"1215","metro maps"
"1216","actions"
"1217","active objects"
"1218","entity-centric search"
"1219","query log mining"
"1220","activity prediction"
"1221","proximity"
"1222","budget allocation"
"1223","influence models"
"1224","revenue"
"1225","sponsored search auctions"
"1226","behavioral analysis"
"1227","predictive behavioral models"
"1228","centrality approximation"
"1229","closeness centrality"
"1230","large networks"
"1231","bidder optimality"
"1232","competitive equilibrium"
"1233","envy freeness"
"1234","expressiveness"
"1235","general auction mechanism"
"1236","gsp"
"1237","vcg"
"1238","music information retrieval"
"1239","social honeypots"
"1240","bandwidth optimization"
"1241","parallel web crawlers"
"1242","crowdturfing"
"1243","sybils"
"1244","similarity estimation"
"1245","contest design"
"1246","social computing"
"1247","online q&amp;a forums"
"1248","archiving"
"1249","extraction"
"1250","cross-lingual information retrieval"
"1251","machine translation"
"1252","clickthrough data"
"1253","latent semantic analysis"
"1254","multilingual ir"
"1255","translation model"
"1256","heterogeneous databases"
"1257","information integration"
"1258","probabilistic model"
"1259","semi-markov"
"1260","ad exchanges"
"1261","bidding agents"
"1262","max algorithms"
"1263","plurality voting"
"1264","vote aggregation"
"1265","worker models"
"1266","causality"
"1267","tie strength"
"1268","ad-hoc entity identification"
"1269","mentionrank"
"1270","named entity disambiguation"
"1271","targeted disambiguation"
"1272","network analysis"
"1273","partitioned multi-indexing"
"1274","real time"
"1275","scalable"
"1276","applications and expert systems"
"1277","future prediction"
"1278","news prediction"
"1279","web knowledge for future prediction"
"1280","style sheets"
"1281","web development"
"1282","graphical model"
"1283","latent variable inference"
"1284","user profiling"
"1285","entropy"
"1286","point processes"
"1287","accommodation"
"1288","coordination"
"1289","dependence"
"1290","language"
"1291","linguistic convergence"
"1292","linguistic style"
"1293","power"
"1294","relations"
"1295","social status"
"1296","crowd sourcing"
"1297","ecology"
"1298","multi-objective optimization"
"1299","qos-aware service composition"
"1300","robustness"
"1301","service computing"
"1302","automatic question answering"
"1303","community-based question answering"
"1304","question-answering systems"
"1305","search user interface"
"1306","markov chains"
"1307","electronic publishing"
"1308","face recognition"
"1309","text analysis"
"1310","distance metric learning"
"1311","incomplete information networks"
"1312","navigation"
"1313","bag semantics"
"1314","counting complexity"
"1315","property paths"
"1316","sparql 1.1"
"1317","relevance and freshness modeling"
"1318","temporal features"
"1319","hodge decomposition"
"1320","multi-objective ranking"
"1321","intent analysis"
"1322","behavior analysis"
"1323","social ties"
"1324","databases"
"1325","games"
"1326","probabilistic"
"1327","distributed algorithms"
"1328","graph querying"
"1329","graph simulation"
"1330","mapreduce"
"1331","update algorithm"
"1332","data translation"
"1333","direct mapping"
"1334","rdb2rdf"
"1335","sparql"
"1336","sql"
"1337","credit networks"
"1338","empirical game-theoretic simulations"
"1339","strategic network formation"
"1340","exploratory search"
"1341","information seeking"
"1342","multi-domain search"
"1343","search service"
"1344","automation"
"1345","cloud computing"
"1346","computer-aided software engineering"
"1347","criteria"
"1348","factors"
"1349","migration process"
"1350","selection algorithm"
"1351","service selection"
"1352","network"
"1353","content integrity"
"1354","content spread"
"1355","image search reranking"
"1356","user comments"
"1357","visual aesthetics modeling"
"1358","post-click search behavior"
"1359","relevance estimation"
"1360","3d graphics"
"1361","3d web"
"1362","hypertext"
"1363","user interface"
"1364","entity disambiguation"
"1365","fraudulence detection"
"1366","multiple instance learning"
"1367","online auction"
"1368","online feature selection"
"1369","online modeling"
"1370","d2rq"
"1371","rdb-to-rdf mapping"
"1372","relational database"
"1373","sparql/update"
"1374","entity linking"
"1375","fact integration"
"1376","semantic knowledge"
"1377","log analysis"
"1378","search log mining"
"1379","task evaluation"
"1380","task trail"
"1381","android"
"1382","path planning"
"1383","route search"
"1384","meta search"
"1385","preference aggregation"
"1386","diversification"
"1387","redundancy"
"1388","natural language patterns"
"1389","collaborative network"
"1390","social routing"
"1391","model-theoretic semantics"
"1392","representation"
"1393","distributed enforcement"
"1394","law governed interaction"
"1395","online auctions"
"1396","attention"
"1397","collections"
"1398","information gathering and management"
"1399","transclusions"
"1400","web-based interaction design"
"1401","automated semantic tagging"
"1402","large text datasets"
"1403","text analytics"
"1404","document object model"
"1405","reinforcement learning"
"1406","identifier resolution"
"1407","nomadic computing"
"1408","physical hyperlinks"
"1409","ubiquitous computing"
"1410","answer extraction"
"1411","answer selection"
"1412","query modulation"
"1413","availability"
"1414","data replication"
"1415","distributed objects"
"1416","edge services"
"1417","wide area networks"
"1418","learning to tag"
"1419","multi-modality rankboost"
"1420","tag recommendation"
"1421","agents"
"1422","awareness"
"1423","critical mass"
"1424","opportunistic communication"
"1425","distributed eigenvector computation"
"1426","automatic tuning"
"1427","gradient method"
"1428","importance sampling"
"1429","simulated annealing"
"1430","system configuration"
"1431","digital ink"
"1432","freehand writing"
"1433","inkml"
"1434","random access"
"1435","daml+oil"
"1436","daml-s"
"1437","tcoz"
"1438","streaming media"
"1439","workload characterization"
"1440","gnutella"
"1441","document structure"
"1442","style"
"1443","xhtml+smil"
"1444","xslt"
"1445","document and text editing"
"1446","e-business"
"1447","e-catalog"
"1448","e-procurement"
"1449","pricing"
"1450","aliasing"
"1451","cache hierarchies"
"1452","dtd"
"1453","duplicate suppression"
"1454","duplicate transfer detection"
"1455","hypertext transfer protocol"
"1456","performance analysis"
"1457","redundant transfers"
"1458","resource modification"
"1459","www"
"1460","zipf's law"
"1461","dynamic content"
"1462","proxy"
"1463","jena"
"1464","rdql"
"1465","generation"
"1466","grammar"
"1467","universal algebra"
"1468","unparsing"
"1469","learning repositories"
"1470","personalization"
"1471","standards"
"1472","password security"
"1473","website user authentication"
"1474","expressions and their representation"
"1475","variable binding dependency"
"1476","xquery containment"
"1477","uncertainty"
"1478","index sizes"
"1479","size of the web"
"1480","accessibility"
"1481","automatic presentation generation"
"1482","digital talking books"
"1483","ditabbu"
"1484","hypermedia"
"1485","multimodality"
"1486","visual impairment"
"1487","web engineering"
"1488","bioinformatics"
"1489","domain ontology"
"1490","ontology evaluation"
"1491","ontology learning"
"1492","owl-s"
"1493","noninterference"
"1494","program security"
"1495","security vulnerabilities"
"1496","type systems"
"1497","web application security"
"1498","mixed-initiative interaction"
"1499","out-of-turn interaction"
"1500","program transformations"
"1501","web dialogs"
"1502","dynamic service coordination"
"1503","dynamic web content"
"1504","scalable component-based software systems"
"1505","semantic interoperability"
"1506","web information management systems"
"1507","data streams"
"1508","link-analysis"
"1509","similarity search"
"1510","appel"
"1511","hippocratic databases"
"1512","p3p"
"1513","preference"
"1514","privacy-aware data management"
"1515","xpref"
"1516","java"
"1517","language constructs and features"
"1518","language design"
"1519","automata"
"1520","sax"
"1521","xml parsers"
"1522","link structure"
"1523","search in context"
"1524","ontology mapping"
"1525","support vector machines"
"1526","taxonomy integration"
"1527","transductive learning"
"1528","museum collections"
"1529","semantic browsing"
"1530","authoring tools"
"1531","incremental transformations"
"1532","fuzzy description logic"
"1533","fuzzy reasoning"
"1534","planning"
"1535","web services composition"
"1536","semanticweb"
"1537","web searching"
"1538","cuypers"
"1539","document transformation"
"1540","formatting objects"
"1541","hyper-media"
"1542","newsgroup"
"1543","client-server systems"
"1544","network computing"
"1545","remote method invocation"
"1546","user interface toolkit"
"1547","context-free grammars"
"1548","html validation"
"1549","server-side scripting"
"1550","topic analysis"
"1551","topic transition"
"1552","user modeling"
"1553","database replication"
"1554","partial replication"
"1555","definition generation"
"1556","definitional question answering"
"1557","soft patterns"
"1558","automatic ontology construction"
"1559","ontology reuse"
"1560","edit distance"
"1561","schema inference"
"1562","alias detection"
"1563","aliases"
"1564","bulletin boards"
"1565","personas"
"1566","pseudonyms"
"1567","formal specification"
"1568","formal verification"
"1569","web service compatibility"
"1570","web service interfaces"
"1571","web service substitutivity"
"1572","materialized view"
"1573","view maintenance"
"1574","web objects"
"1575","e-science"
"1576","asynchronous communication"
"1577","bpel"
"1578","composite web services"
"1579","design patterns"
"1580","degree"
"1581","network flows"
"1582","power laws"
"1583","scale-free networks"
"1584","strength"
"1585","traffic statistics"
"1586","awaredav"
"1587","event notification"
"1588","webdav"
"1589","searching and ranking"
"1590","rate of change"
"1591","standard datasets"
"1592","autonomic website"
"1593","generalization"
"1594","learning automata"
"1595","compactness"
"1596","lostness"
"1597","path similarity"
"1598","stratum"
"1599","web navigation"
"1600","collection overlap"
"1601","collection selection"
"1602","statistics gathering"
"1603","holistic algorithms"
"1604","order-based queries"
"1605","discrete mathematics"
"1606","assistive technology for blind users"
"1607","discussion boards"
"1608","navigational aid"
"1609","idref-awareness"
"1610","schema-awareness"
"1611","semantic integration"
"1612","probing"
"1613","service class"
"1614","document clustering"
"1615","information bottleneck"
"1616","web appearance"
"1617","algorithm complexity"
"1618","parameter tuning strategies"
"1619","text categorization"
"1620","very large web taxonomies"
"1621","mobile web"
"1622","multimodal feedback"
"1623","acquisition bias"
"1624","citeseer"
"1625","dblp"
"1626","advertising networks"
"1627","approximate queries"
"1628","duplicate detection"
"1629","concept extraction"
"1630","digital libraries"
"1631","language analysis"
"1632","linguistic analysis of web text"
"1633","part-of-speech tagging"
"1634","phrase identification"
"1635","web search engine"
"1636","word sense disambiguation"
"1637","hits"
"1638","asynchronous multi-process event-driven"
"1639","multi-process"
"1640","multi-thread"
"1641","single event-driven process"
"1642","symmetric multi-processor"
"1643","system-on-chip"
"1644","content extraction"
"1645","dom trees"
"1646","reformatting"
"1647","speech rendering"
"1648","naive bayes classifier"
"1649","page segmentation"
"1650","topic hierarchy"
"1651","vips"
"1652","coherency"
"1653","continuous queries"
"1654","fidelity"
"1655","markov model"
"1656","online decision making"
"1657","handheld device content adaptation"
"1658","semantic bookmarking"
"1659","web page partitioning"
"1660","meta search engines"
"1661","open source"
"1662","maintenance"
"1663","meta-data"
"1664","wide-area distributed file system"
"1665","predictive ranking"
"1666","mda"
"1667","model transformations"
"1668","transformation language"
"1669","xml processing"
"1670","similarity indexes"
"1671","content location"
"1672","geographic location"
"1673","location-based web application"
"1674","provider location"
"1675","serving location"
"1676","web location"
"1677","conformant prototype"
"1678","full-text"
"1679","personal web information"
"1680","topic classfication"
"1681","user information mining"
"1682","term weighting schemes"
"1683","text"
"1684","power-law"
"1685","probability"
"1686","co-constraints"
"1687","schema languages"
"1688","schemapath"
"1689","kendall's Ï„"
"1690","link farms"
"1691","probability and statistics"
"1692","explicit link"
"1693","implicit link"
"1694","virtual document"
"1695","web page classification"
"1696","noise reduction"
"1697","large scale systems"
"1698","novel browsing paradigms"
"1699","web navigation strategies"
"1700","bpel4ws"
"1701","code partitioning"
"1702","decentralized orchestration"
"1703","dynamic deployment"
"1704","remote agents"
"1705","web customization"
"1706","underspecified search tasks"
"1707","pruning"
"1708","mining"
"1709","session"
"1710","ordinal regression"
"1711","search of definitions"
"1712","assisstive device"
"1713","content adaption"
"1714","group communication"
"1715","transactions"
"1716","ws-caf"
"1717","click-through data"
"1718","evolution pattern"
"1719","marginalized kernel"
"1720","semantic similarity measure"
"1721","application-level web security"
"1722","component-based design"
"1723","security policy description language"
"1724","csurf"
"1725","hearsay"
"1726","non-visual"
"1727","partitioning"
"1728","screen-reader"
"1729","semantic blocks"
"1730","voice browser"
"1731","web accessibility"
"1732","monitoring search"
"1733","optimal stopping"
"1734","user desktop"
"1735","web annotations"
"1736","opinion analysis"
"1737","formal model"
"1738","xml schema"
"1739","jax-rpc"
"1740","schema compilation"
"1741","validation"
"1742","hyperspace"
"1743","learning affordance"
"1744","meta-learning"
"1745","navigational learning"
"1746","web contents"
"1747","query-free search"
"1748","web information retrieval"
"1749","prospective search"
"1750","query processing"
"1751","frequent access patterns"
"1752","information visualization"
"1753","visual data exploration"
"1754","modelling"
"1755","philosophical foundations"
"1756","consistency"
"1757","formal semantics"
"1758","information system"
"1759","knowledge management"
"1760","web site evolution"
"1761","web sites"
"1762","contract signing"
"1763","cryptographic protocols"
"1764","digital signatures"
"1765","fair-exchange"
"1766","network protocols"
"1767","rsa"
"1768","continuous aggregation queries"
"1769","data coherency"
"1770","query dissemination cost"
"1771","corpus"
"1772","query"
"1773","variables"
"1774","advertisement syndication"
"1775","redirection and cloaking"
"1776","search spam"
"1777","web spam"
"1778","dynamic application placement"
"1779","performance management"
"1780","system management"
"1781","duplicates"
"1782","rules"
"1783","genetic algorithm"
"1784","longest path problem"
"1785","query routing"
"1786","approximate data structures"
"1787","web proxy cache"
"1788","medical query"
"1789","medical web search engine"
"1790","affinity rank"
"1791","information richness"
"1792","adaptive content service"
"1793","adaptive web"
"1794","content re-use"
"1795","e-learning"
"1796","learning object metadata"
"1797","learning portal"
"1798","student model server"
"1799","kernel combination"
"1800","business process automation"
"1801","declarative"
"1802","description logic"
"1803","electronic contracts"
"1804","intelligent software agents"
"1805","knowledge representation"
"1806","knowledge-based"
"1807","logic programs"
"1808","process descriptions"
"1809","process knowledge"
"1810","holistic twig join"
"1811","labeling scheme"
"1812","client characterization"
"1813","client connectivity"
"1814","server adaptation"
"1815","middleware"
"1816","mobile code"
"1817","wireless"
"1818","conflict of interest"
"1819","peer review process"
"1820","semantic analytics"
"1821","semantic associations"
"1822","anonymity"
"1823","dpatial databases"
"1824","data models"
"1825","model theory"
"1826","contextual subgraph"
"1827","query reformulation"
"1828","web projection"
"1829","models and principles"
"1830","news recommendation"
"1831","tree structures"
"1832","greedy"
"1833","max cover"
"1834","set cover"
"1835","eigenvalues and eigenvectors"
"1836","eigenvector computation"
"1837","quantitative performance measures"
"1838","recall"
"1839","web metrics"
"1840","content and link similarity"
"1841","precision"
"1842","semantic maps"
"1843","automatic taxonomy learning"
"1844","hierarchical classification"
"1845","block importance model"
"1846","choreography"
"1847","meta model integration"
"1848","workflow modelling"
"1849","new search applications and interfaces"
"1850","personalized web ranking"
"1851","web snippets clustering"
"1852","spam filtering"
"1853","structured p2p"
"1854","web site design"
"1855","knowledge base system"
"1856","continuous-time markov chain"
"1857","diffusion of innovation"
"1858","web ranking"
"1859","log mining"
"1860","versatility"
"1861","xcerpt"
"1862","interrelated"
"1863","mutual reinforcement"
"1864","similarity spreading"
"1865","phishing"
"1866","web browser design"
"1867","web spoofing"
"1868","model-view-controller"
"1869","template engine"
"1870","content addressable storage"
"1871","database caching"
"1872","relational database systems"
"1873","systems"
"1874","e-learning portals"
"1875","ieee-lom"
"1876","jetspeed portlets"
"1877","adaptive web sites"
"1878","collaborative web search"
"1879","cube-clustering"
"1880","corpus size estimation"
"1881","information interfaces and presentation"
"1882","mobile browsing"
"1883","mobile devices"
"1884","small screen"
"1885","thumbnail browsing"
"1886","web page segmentation"
"1887","pervasive web"
"1888","remote display"
"1889","thin-client computing"
"1890","convex optimization"
"1891","fisher information"
"1892","logistic regression"
"1893","customisation"
"1894","preference-based service selection"
"1895","agreement matching"
"1896","arl"
"1897","dynamic service selection"
"1898","multi-ontology service annotation"
"1899","semantic policy matching"
"1900","semantic web service"
"1901","snobase"
"1902","ws-agreement"
"1903","wsdl-s"
"1904","xml applications"
"1905","xvm"
"1906","streaming server placement"
"1907","vpns"
"1908","distribution fitting"
"1909","hash-based anonymization"
"1910","isotonic regression"
"1911","template detection"
"1912","webpage sectioning"
"1913","webpage segmentation"
"1914","computers in other systems"
"1915","dvb"
"1916","idtv"
"1917","mhp"
"1918","web contents transcoding"
"1919","harmonic rank"
"1920","link propagation"
"1921","distrust"
"1922","trust propagation"
"1923","web of trust"
"1924","proximity measure"
"1925","ranking algorithm"
"1926","content distribution"
"1927","cookie"
"1928","protocol design"
"1929","social annotation"
"1930","social page rank"
"1931","social similarity"
"1932","path traversal pattern"
"1933","query execution"
"1934","redundancy elimination"
"1935","gis"
"1936","posting"
"1937","types of systems"
"1938","anchor text"
"1939","language modeling"
"1940","link spam"
"1941","hierarchical learning"
"1942","ontology-based information extraction"
"1943","distributed and peer-to-peer search"
"1944","semantic overlay networks"
"1945","mixture model"
"1946","topic-sentiment mixture"
"1947","approximate set similarity"
"1948","click spam detection"
"1949","cliques enumeration"
"1950","coalition fraud attacks"
"1951","real data experiments"
"1952","similarity-sensitive sampling"
"1953","master data management"
"1954","modeling"
"1955","product information management"
"1956","scx"
"1957","x2doc"
"1958","overlap of web search results"
"1959","web coverage"
"1960","attribute acquisition"
"1961","specification finding"
"1962","relationship query"
"1963","advertisement auctions"
"1964","bidding agent"
"1965","equilibrium analysis"
"1966","conceptual modeling"
"1967","brand"
"1968","document model"
"1969","suffix tree"
"1970","distributed collaborative filtering"
"1971","friend network"
"1972","p2p system"
"1973","past web"
"1974","web archive browsing"
"1975","web archives"
"1976","high precision information retrieval"
"1977","intranet search"
"1978","asdl"
"1979","computational model"
"1980","formal languages"
"1981","models of computation"
"1982","semantics of programming languages"
"1983","wide spectrum"
"1984","quality of services"
"1985","tmodel"
"1986","uddi"
"1987","uddi business registries"
"1988","uddi extension"
"1989","pattern cardinality estimation"
"1990","statistical summaries"
"1991","web dynamics"
"1992","query algebras"
"1993","expertise finding"
"1994","expertise locators"
"1995","help seeking"
"1996","image processing and computer vision"
"1997","image recognition"
"1998","probabilistic method"
"1999","web image mining"
"2000","802.11 mesh networks"
"2001","long-distance wifi"
"2002","low cost networking"
"2003","rural connectivity"
"2004","session hand-off"
"2005","story"
"2006","weblog"
"2007","schema mapping"
"2008","xml transformation"
"2009","black box systems"
"2010","performance debugging"
"2011","traffic classification"
"2012","background knowledge"
"2013","semi-automatic ontology construction"
"2014","measurements"
"2015","password"
"2016","event evolution"
"2017","event evolution graph"
"2018","web content mining"
"2019","decision tree learning"
"2020","cellular automata"
"2021","unsupervised clustering"
"2022","web pages"
"2023","website improvement"
"2024","case-based reasoning"
"2025","cross-company effort model"
"2026","effort estimation"
"2027","single-company effort model"
"2028","stepwise regression"
"2029","web projects"
"2030","meta-patterns"
"2031","xml data"
"2032","contiguous sequential pattern"
"2033","sequential pattern"
"2034","internet services"
"2035","load shedding"
"2036","request termination"
"2037","content summarization"
"2038","literature search"
"2039","pubmed"
"2040","tag cloud"
"2041","collaborative system"
"2042","peer-to-peer communication"
"2043","rfid"
"2044","wireless networking"
"2045","case study"
"2046","e-applications"
"2047","group and organization interfaces"
"2048","web service"
"2049","web services matching"
"2050","approximate text matching"
"2051","data cleaning"
"2052","text indexing"
"2053","control-flow graphs"
"2054","regression test selection"
"2055","content navigation"
"2056","dynamic folder"
"2057","cognitive styles"
"2058","user modelling"
"2059","user trials"
"2060","bayesian network"
"2061","inference"
"2062","website classification"
"2063","spatiotemporal text mining"
"2064","theme pattern"
"2065","experienced web users"
"2066","information re-access"
"2067","questionnaire study"
"2068","user intent"
"2069","web queries"
"2070","automatic speech fecognition"
"2071","contents indexing"
"2072","mpeg7-ddl"
"2073","shot boundary detection"
"2074","video indexing"
"2075","compiler"
"2076","interpreter"
"2077","schema"
"2078","presentation component"
"2079","presentation composition"
"2080","presentation integration"
"2081","xpil"
"2082","linear"
"2083","suffix-tree"
"2084","e-democracy"
"2085","e-government"
"2086","interaction"
"2087","interface"
"2088","causal relation"
"2089","search engine query log"
"2090","time series"
"2091","chinese"
"2092","english"
"2093","domotics"
"2094","business information model"
"2095","business process model"
"2096","business value model"
"2097","vip"
"2098","webml"
"2099","adaptive web site"
"2100","ant colony optimization"
"2101","continuous query answering"
"2102","publish/subscribe"
"2103","syndication"
"2104","best practice pattern"
"2105","model-driven architecture"
"2106","security configuration"
"2107","service-oriented architecture"
"2108","web services security"
"2109","relational subgroup discovery"
"2110","document capture"
"2111","web information extraction"
"2112","automated support"
"2113","extensibility"
"2114","mapping"
"2115","maximum entropy principle"
"2116","user model"
"2117","approximation"
"2118","google distance"
"2119","proportional transportation similarity"
"2120","xml document clustering"
"2121","content analysis"
"2122","tv news"
"2123","video ocr"
"2124","semantic link"
"2125","evolution correlation"
"2126","mirror maintenance"
"2127","biased pagerank"
"2128","open directory"
"2129","temporal models"
"2130","wap"
"2131","internet behavior"
"2132","personal information access"
"2133","system"
"2134","meaning elicitation"
"2135","schema matching"
"2136","web crawlers"
"2137","join query"
"2138","top-k"
"2139","m-commerce"
"2140","sentence retrieval"
"2141","term relationship"
"2142","copy detection"
"2143","positive and unlabeled learning"
"2144","comparative web search"
"2145","keyphrase extraction"
"2146","logical structure"
"2147","relationship extraction"
"2148","semi-structured document"
"2149","d-gap"
"2150","inverted file"
"2151","complex systems"
"2152","emergent semantics"
"2153","anchortext"
"2154","community ranking"
"2155","collection summary"
"2156","geo-referenced information"
"2157","geo-referenced photographs"
"2158","photo browsing"
"2159","semantic zoom"
"2160","record extraction"
"2161","fingerprint"
"2162","hamming distance"
"2163","near-duplicate"
"2164","sketch"
"2165","web crawl"
"2166","web document"
"2167","netsifter"
"2168","uima"
"2169","webfountain"
"2170","spreading-activation theory"
"2171","user ontology"
"2172","b2b integration"
"2173","electronic data interchange"
"2174","ontologysing"
"2175","rosettanet"
"2176","password alternative"
"2177","web single sign-on"
"2178","inference etc."
"2179","user search behavior"
"2180","geospatial tagging"
"2181","annotation browsing"
"2182","ce-html"
"2183","cea"
"2184","consumer electronics devices"
"2185","dlna"
"2186","embedded browsers"
"2187","mobile and tv-based services"
"2188","pervasive web applications"
"2189","upnp"
"2190","w3c"
"2191","compact storage"
"2192","information storage"
"2193","storage optimization"
"2194","community finding"
"2195","graph conductance"
"2196","seed sets"
"2197","hash indexing"
"2198","search result clustering"
"2199","decoupling"
"2200","service language layer"
"2201","transformation"
"2202","xml-based service language"
"2203","local web search"
"2204","web-gis integration"
"2205","interval covering"
"2206","tags"
"2207","temporal evolution"
"2208","service oriented architectures"
"2209","tools and technologies for web services development"
"2210","access control"
"2211","conversations"
"2212","transition systems"
"2213","group shilling"
"2214","recommendation system"
"2215","application placement"
"2216","search process"
"2217","frequent query trees"
"2218","online mining"
"2219","composite events"
"2220","event-condition-action rules"
"2221","reactive languages"
"2222","active behavior"
"2223","composite event"
"2224","event algebra"
"2225","event-condition-action rule"
"2226","adaptability"
"2227","portals"
"2228","portlets"
"2229","product lines"
"2230","wsrp"
"2231","email"
"2232","semantic attacks"
"2233","cultural capital"
"2234","lurking"
"2235","hierarchical classifiers"
"2236","learning classifiers"
"2237","online database directories"
"2238","google news"
"2239","minhash"
"2240","oneline recommendation system"
"2241","plsi"
"2242","scalable collaborative filtering"
"2243","field study"
"2244","information filtering"
"2245","task"
"2246","task prediction"
"2247","indexing annotated text"
"2248","agent"
"2249","animation"
"2250","dialogue"
"2251","information presentation"
"2252","media conversion"
"2253","service interface matching"
"2254","service protocol adaptation"
"2255","information systems applications"
"2256","learning management system"
"2257","denial of service"
"2258","financial"
"2259","quality of service"
"2260","biased classification"
"2261","biased minimax probability machine"
"2262","second order cone programming"
"2263","data serialization"
"2264","multi-channel integration"
"2265","session service"
"2266","searching"
"2267","topic distillation"
"2268","ape"
"2269","tvml"
"2270","vlog"
"2271","web-casting"
"2272","desktop search"
"2273","personal information management"
"2274","hmm"
"2275","rules based systems"
"2276","authorisation"
"2277","swrl"
"2278","web service security"
"2279","dialogue management"
"2280","multilinguality"
"2281","voice web interfaces"
"2282","content structure"
"2283","topioc hierarchy"
"2284","website mining"
"2285","functional programming"
"2286","pipelining"
"2287","programming languages"
"2288","full-text search"
"2289","symbolic data analysis"
"2290","web clustering"
"2291","user interaction"
"2292","architecture"
"2293","federation"
"2294","social bookmarks"
"2295","web browsing"
"2296","web images"
"2297","belief propagation"
"2298","bipartite cores"
"2299","fraud detection"
"2300","markov random fields"
"2301","indexing framework"
"2302","browsing semantics"
"2303","frames"
"2304","literary hypertext"
"2305","model checking"
"2306","temporal logic"
"2307","visual snalytics"
"2308","keyword search query"
"2309","range query"
"2310","xml database"
"2311","africa"
"2312","cctld"
"2313","digital-divide"
"2314","geographic location of servers"
"2315","nic registration information"
"2316","number of hops"
"2317","offshore server"
"2318","response time"
"2319","traceroute"
"2320","media"
"2321","social dynamics"
"2322","video"
"2323","query evaluation"
"2324","semantic cache"
"2325","autonomic replication"
"2326","rerformance"
"2327","click-through data analysis"
"2328","cell phones"
"2329","central asia"
"2330","cross-cultural"
"2331","design ethnography"
"2332","developing world"
"2333","emerging markets"
"2334","icts"
"2335","international"
"2336","mobile social software"
"2337","usage patterns"
"2338","querying semantic web databases"
"2339","sparql extensions"
"2340","prune"
"2341","intercluster similarity"
"2342","intracluster similarity"
"2343","term-term similarity matrix"
"2344","topic-oriented"
"2345","scripts"
"2346","interaction information"
"2347","metasearch engine"
"2348","search interface extraction"
"2349","search interface representation"
"2350","data-flow"
"2351","deep-annotation"
"2352","event"
"2353","portal ontology"
"2354","portlet interoperability"
"2355","poprank"
"2356","hiddenweb"
"2357","online learning"
"2358","web crawling strategies"
"2359","hierarchy structure"
"2360","page rank algorithm"
"2361","power distribution"
"2362","web personalization"
"2363","distributed artificial intelligence"
"2364","quality-of-service"
"2365","reputation mechanism"
"2366","service-level agreement"
"2367","service-oriented computing"
"2368","keyword bidding"
"2369","multiple-choice knapsack problem"
"2370","online knapsack problem"
"2371","sponsored search auction"
"2372","policy analysis"
"2373","xacml"
"2374","dominant role"
"2375","dominated choice"
"2376","dominated loop"
"2377","projection"
"2378","hypermedia authoring"
"2379","model-based designs"
"2380","paraphrasing"
"2381","query rewriting"
"2382","query substitution"
"2383","visual analysis"
"2384","web page representation"
"2385","web tables"
"2386","content similarity"
"2387","web-enabled database"
"2388","news engines"
"2389","news ranking"
"2390","news search engines"
"2391","communicating finite sate automata"
"2392","conversation specification"
"2393","e-service composition"
"2394","aggregation"
"2395","disaggregation"
"2396","power method"
"2397","stationary vector"
"2398","updating"
"2399","crawler"
"2400","robots exclusion protocol"
"2401","robots.txt"
"2402","instance"
"2403","object"
"2404","dynamic content caching"
"2405","fragment detection"
"2406","fragment-based caching"
"2407","l-p fragments"
"2408","shared fragments"
"2409","spatial indexing"
"2410","query stream analysis"
"2411","semantic similarity among queries"
"2412","content distribution network"
"2413","performance of systems"
"2414","server selection"
"2415","web traffic redirection"
"2416","cc/pp"
"2417","profiles"
"2418","situated-aware applications"
"2419","vocabulary"
"2420","apache server"
"2421","client classification"
"2422","computer system implementation"
"2423","content delivery"
"2424","httperf"
"2425","web performance"
"2426","fault-tolerance"
"2427","head-of-line blocking"
"2428","sctp"
"2429","stream control transmission protocol"
"2430","transport layer service"
"2431","web transport"
"2432","gibbs sampling"
"2433","statistical modeling"
"2434","file sharing"
"2435","instant messaging"
"2436","personal web server"
"2437","expiration times"
"2438","volatile environments"
"2439","hits-based algorithms"
"2440","relevance scoring methods"
"2441","distributed rdf repositories"
"2442","schema-based routing"
"2443","self-organization"
"2444","semantic agreements"
"2445","index caching"
"2446","hierarchical user profile"
"2447","eigenvector"
"2448","expressive semantics"
"2449","flash retrieval"
"2450","axiomatic approach"
"2451","recommendation systems"
"2452","reputation systems"
"2453","trust networks"
"2454","statistical analysis"
"2455","structural properties"
"2456","xml documents"
"2457","xml web"
"2458","national audit offices"
"2459","webmetric"
"2460","cache coherency"
"2461","clone analysis"
"2462","clone metrics"
"2463","clones"
"2464","software maintenance"
"2465","software reuse"
"2466","distributed annotations"
"2467","language games"
"2468","automated annotation"
"2469","internet uses"
"2470","traffic analysis"
"2471","usage data"
"2472","user-centric traffic data"
"2473","802.11 mesh network"
"2474","802.15.4"
"2475","power management"
"2476","rural networking"
"2477","wake-on-wlan"
"2478","activity inference"
"2479","activity models"
"2480","equality-generating dependencies"
"2481","functional dependencies"
"2482","relational storage"
"2483","ontology evolution"
"2484","ontology registry"
"2485","contracts"
"2486","languages and systems"
"2487","services composition"
"2488","pagerank distribution"
"2489","lifecycle management"
"2490","social issues"
"2491","trust negotiation"
"2492","ranknet"
"2493","static ranking"
"2494","explanation"
"2495","ontology engineering"
"2496","testing and debugging"
"2497","scheduling policy"
"2498","web page importance"
"2499","meaning"
"2500","query refinement"
"2501","rank"
"2502","search engine switching"
"2503","modules"
"2504","correlation clustering"
"2505","energy minimization"
"2506","graph cuts"
"2507","back step"
"2508","ranking algorithms"
"2509","dense subgraphs"
"2510","distributed crawlers"
"2511","url caching"
"2512","web graph models"
"2513","search engine categorization"
"2514","fractal summarization"
"2515","handheld devices"
"2516","mobile commerce"
"2517","combinatorial auctions"
"2518","internet advertising"
"2519","structural approximation"
"2520","supply guarantee"
"2521","information portals"
"2522","database-to-ontology mappings"
"2523","upgrade"
"2524","layered graph model"
"2525","multi-modality data"
"2526","multifaceted knowledge base"
"2527","multimedia retrieval"
"2528","relevance feedback"
"2529","del.icio.us"
"2530","isid"
"2531","graph-based regularization"
"2532","statistical topic models"
"2533","wrapper generation"
"2534","authoring of adaptive hypermedia"
"2535","learning styles"
"2536","admission control"
"2537","profit maximization"
"2538","service level agreement"
"2539","service time estimation"
"2540","short-term prediction"
"2541","shortest remaining job first"
"2542","asynchronous communications"
"2543","systems and information theory"
"2544","haystack"
"2545","access visualization"
"2546","maximal forward path"
"2547","usage mining"
"2548","resource discovery"
"2549","adaptive faceted browser"
"2550","open information space"
"2551","pushdown automata"
"2552","streaming algorithms"
"2553","typing"
"2554","learning from user behavior"
"2555","mining search and browsing logs"
"2556","edge caching"
"2557","offloading"
"2558","chemical formula"
"2559","conditional random fields"
"2560","feature boosting"
"2561","feature selection"
"2562","query models"
"2563","background information"
"2564","incremental learning"
"2565","inverted files"
"2566","update processing"
"2567","marketing"
"2568","monetizing social networks"
"2569","submodular maximization"
"2570","active databases"
"2571","active systems"
"2572","dependency models"
"2573","event correlation"
"2574","reactive rules"
"2575","relationships between entities"
"2576","rule engine"
"2577","dependability"
"2578","end-users"
"2579","web authoring tools"
"2580","blind users"
"2581","degree of change"
"2582","web characterization"
"2583","allocation policies"
"2584","large data"
"2585","online communication"
"2586","user demographics"
"2587","exceptions"
"2588","failure"
"2589","navigation behavior"
"2590","workflow"
"2591","metamodeling"
"2592","k-anonymity"
"2593","l-diversity"
"2594","location privacy"
"2595","information longevity"
"2596","recrawling"
"2597","synchronization"
"2598","timing"
"2599","computer-communication networks"
"2600","content blocking"
"2601","web registration"
"2602","heterogeneous database synchronization"
"2603","information and communication technologies for development"
"2604","low-bandwidth application"
"2605","offline access"
"2606","resource constrained low end pcs"
"2607","query classification"
"2608","user goals"
"2609","lbs"
"2610","location-awareness"
"2611","biaxes path expression"
"2612","dewey indexing"
"2613","updates"
"2614","xpath query optimization"
"2615","wireless and mobility"
"2616","load control"
"2617","request scheduling"
"2618","web servers"
"2619","graph proximity search"
"2620","personalized pagerank"
"2621","2-hop"
"2622","graph indexing"
"2623","incremental maintenance"
"2624","reachability test"
"2625","knowledge sharing"
"2626","description"
"2627","formulation"
"2628","linguistic matching"
"2629","neighboring operation"
"2630","ontology matching"
"2631","vector space model"
"2632","email summarization"
"2633","content-based adaptation mechanism"
"2634","distance education"
"2635","end-user quality of experience"
"2636","conversation"
"2637","software/program verification"
"2638","spin"
"2639","collaborative recommendation"
"2640","interactive search"
"2641","content evolution"
"2642","user-centric"
"2643","web crawling"
"2644","web page refreshing"
"2645","content based retrieval"
"2646","hyperlink analysis"
"2647","web search engines"
"2648","relaxation labeling"
"2649","pragmatic knowledge"
"2650","hierarchical bayesian modeling"
"2651","paid search advertising"
"2652","adaptive"
"2653","context-aware"
"2654","ebag"
"2655","hycon"
"2656","web proxies"
"2657","interaction effects"
"2658","aggregates"
"2659","distribution of relevant documents"
"2660","web ir"
"2661","rdf mining"
"2662","query processing and optimization"
"2663","scientific workflows"
"2664","web programming"
"2665","web service coordination"
"2666","agent communication languages"
"2667","canopy"
"2668","record linkage"
"2669","reference matching"
"2670","failure atomicity"
"2671","reliable web services compositions"
"2672","transactional models"
"2673","spath"
"2674","domestication"
"2675","information intent"
"2676","weak labeling"
"2677","robots exclusion"
"2678","semantic link network"
"2679","model-based configuration management"
"2680","versioned hypermedia"
"2681","capacity-planning"
"2682","content-based routing"
"2683","graph matching"
"2684","information dissemination"
"2685","formal definitions and theory"
"2686","automatic service composition"
"2687","nonfunctional properties"
"2688","service matchmaking"
"2689","service selection problem"
"2690","internet application"
"2691","organization and design"
"2692","overload"
"2693","sentry"
"2694","browser interfaces"
"2695","clickstream study"
"2696","automatic context processing"
"2697","extensible framework"
"2698","information services"
"2699","service platform"
"2700","irlbot"
"2701","large-scale"
"2702","browser cache"
"2703","cascading style sheets"
"2704","sniffing"
"2705","eavesdropping"
"2706","https"
"2707","pharming"
"2708","same-origin policy"
"2709","accuracy"
"2710","query optimization"
"2711","translation"
"2712","virtual view"
"2713","xml binary formats"
"2714","xpath processing"
"2715","data denormalization"
"2716","social annotations"
"2717","geo-referenced data"
"2718","geotagged"
"2719","photographs"
"2720","shilling"
"2721","orel"
"2722","rights expression language"
"2723","xrml"
"2724","prediction models"
"2725","web effort prediction"
"2726","web hypermedia"
"2727","web hypermedia metrics"
"2728","aggregated tag suggestion"
"2729","photo annotations"
"2730","tag characterisation"
"2731","tag co-occurence"
"2732","distributed rules"
"2733","views"
"2734","well founded semantics"
"2735","label propagation"
"2736","news"
"2737","novelty detection"
"2738","anycast"
"2739","autonomous system"
"2740","cdn"
"2741","routing"
"2742","event identification"
"2743","place identification"
"2744","tagging systems"
"2745","word semantics"
"2746","message mediation"
"2747","digital watermarking"
"2748","hybrid"
"2749","scene change"
"2750","dns availability"
"2751","measurement infrastructure"
"2752","performance-based ranking"
"2753","reuse"
"2754","triggered measurements"
"2755","interface descriptions"
"2756","teaching and learning environments"
"2757","optimizations"
"2758","maximum flow algorithm"
"2759","web community"
"2760","approximate string join"
"2761","semantic description"
"2762","data model"
"2763","system architecture"
"2764","unsupervised machine learning"
"2765","trustrank"
"2766","feature extraction"
"2767","figures"
"2768","applicative programming"
"2769","pda"
"2770","pervasive devices"
"2771","wml"
"2772","k-svmeans"
"2773","multi-type data clustering"
"2774","online svm"
"2775","ontology web language"
"2776","resource description framework"
"2777","resource description framework schema"
"2778","alloy"
"2779","racer"
"2780","z"
"2781","tools"
"2782","bioinformatics ontology"
"2783","biological ontology development"
"2784","glyco"
"2785","glycoproteomics"
"2786","ontology population"
"2787","ontology structural metrics"
"2788","propreo"
"2789","semantic bioinformatics"
"2790","vision"
"2791","eclipse"
"2792","j2ee"
"2793","mvc"
"2794","visual builder"
"2795","xforms"
"2796","xmlbeans"
"2797","device-independence"
"2798","generic user interface description"
"2799","mobile networks"
"2800","multimodal user interfaces"
"2801","uiml"
"2802","voice interfaces"
"2803","content distribution network performance"
"2804","denial of service attack"
"2805","flash crowd"
"2806","web workload characterization"
"2807","automated vulnerability detection"
"2808","scanner"
"2809","sql injection"
"2810","certificate"
"2811","eavesdropping attack"
"2812","just-in-time instruction"
"2813","man-in-the-middle attack"
"2814","safe staging"
"2815","screen design"
"2816","ssl"
"2817","well-in-advance instruction"
"2818","observant system"
"2819","transaction time"
"2820","versioning"
"2821","portable storage"
"2822","process migration"
"2823","virtualization"
"2824","boilerplate"
"2825","templates"
"2826","large scale discovery"
"2827","partial matches"
"2828","runtime non-determinism"
"2829","type based composition"
"2830","programming language"
"2831","communications management"
"2832","tcp splice"
"2833","web proxy"
"2834","decision-theoretic"
"2835","satisfiability"
"2836","hypertext writing"
"2837","management reporting"
"2838","open hypermedia"
"2839","structural computing"
"2840","extensible qos model"
"2841","ranking of qos"
"2842","bloom's taxonomy"
"2843","companion website"
"2844","textbook"
"2845","script injection"
"2846","multi-modal browsing"
"2847","fohm"
"2848","ohif"
"2849","svg"
"2850","xspect"
"2851","weighted and"
"2852","change detection"
"2853","web page summarization"
"2854","computer-based entertainment"
"2855","cyberdrama generation"
"2856","interactive storytelling"
"2857","web-based multiplayer games"
"2858","culture"
"2859","media arts"
"2860","network arts"
"2861","software agents"
"2862","adaptive scheduling"
"2863","computational grids"
"2864","discrete event simulation"
"2865","performance prediction"
"2866","commitment relationship"
"2867","distributed description logic"
"2868","vocabulary provenance"
"2869","distributed web crawling"
"2870","location aware web crawling"
"2871","document storage"
"2872","web document monitoring"
"2873","web link ranking"
"2874","color"
"2875","contents of web page"
"2876","international e-mail"
"2877","junk e-mail"
"2878","knowledge discovery"
"2879","subject graphs"
"2880","inference system"
"2881","searchable diagrams"
"2882","answer set programming"
"2883","sla optimization"
"2884","utility function"
"2885","blended learning"
"2886","elearning"
"2887","online tests"
"2888","audio browser"
"2889","structural analysis"
"2890","voicexml"
"2891","ad-hoc network"
"2892","peer to peer"
"2893","service discovery"
"2894","presentation generation"
"2895","wis"
"2896","on-demand broadcast"
"2897","scheduling algorithms"
"2898","time constraints"
"2899","resource cataloging"
"2900","technical assistance"
"2901","multicast"
"2902","overlay networks"
"2903","streaming"
"2904","publication search"
"2905","temporal dimension of search"
"2906","spread activation algorithms"
"2907","application server"
"2908","automatic programming"
"2909","dublin core"
"2910","historic costume collection"
"2911","museums online archive california"
"2912","open archive initiative"
"2913","thesaurus"
"2914","capability"
"2915","reconfiguration"
"2916","replication"
"2917","service"
"2918","business process composition"
"2919","commitments"
"2920","associativity"
"2921","polymorphism"
"2922","reconnaissance"
"2923","testbed"
"2924","3d technology"
"2925","distributed crawling"
"2926","web communities"
"2927","version control"
"2928","contextualized news articles"
"2929","topic graph"
"2930","adaptivity"
"2931","constraint-based graphics"
"2932","constraints"
"2933","csvg"
"2934","differential scaling"
"2935","document formats"
"2936","scalable vector graphics"
"2937","semantic zooming"
"2938","augmented-audio reality"
"2939","inference rules"
"2940","scorm"
"2941","circuit based software development"
"2942","component based development"
"2943","rapid application development"
"2944","visual programming"
"2945","web application development"
"2946","proactive content delivery"
"2947","adaptive query routing"
"2948","best practices"
"2949","handicapped persons/special needs"
"2950","quality assurance"
"2951","web site quality"
"2952","markup languages"
"2953","feedback control"
"2954","slowdown"
"2955","memospace"
"2956","data manipulation languages"
"2957","comorphism of institutions"
"2958","institution"
"2959","artificial ants"
"2960","portals sites"
"2961","link collection"
"2962","embedded content"
"2963","functional web"
"2964","multiple device operating"
"2965","ubiquitous network"
"2966","efforts metrics"
"2967","navigation architecture"
"2968","advertisement filtering"
"2969","interface agents"
"2970","weighted majority"
"2971","rbs"
"2972","web traffic analysis"
"2973","alert generation"
"2974","classroom pattern detection"
"2975","data-driven decision making"
"2976","teacher cognition"
"2977","networks"
"2978","protocol architecture"
"2979","services"
"2980","soap"
"2981","hyperlink"
"2982","link modeling and processing"
"2983","linkbase"
"2984","automated synthesis"
"2985","business processes"
"2986","classifier design and evaluation"
"2987","design methodology"
"2988","neural nets"
"2989","text processing"
"2990","back button"
"2991","flow"
"2992","web analysis"
"2993","adaptive page rank"
"2994","graph processing"
"2995","neural networks"
"2996","intelligentbox"
"2997","worldbottle"
"2998","b2b collaboration"
"2999","business process management"
"3000","ebxml"
"3001","retail industry"
"3002","supply chain management"
"3003","creativity"
"3004","hci"
"3005","device independence"
"3006","interactivity"
"3007","multichannel publication"
"3008","digest"
"3009","fusion of broadcast and web content"
"3010","live chat"
"3011","metadata generation"
"3012","viewer"
"3013","viewpoint"
"3014","computational linguistics"
"3015","content systems"
"3016","design method"
"3017","eca rule"
"3018","directed social network"
"3019","internet message board"
"3020","design environment"
"3021","swis"
"3022","profiling"
"3023","protection"
"3024","containment queries"
"3025","structural joins"
"3026","character sets"
"3027","language digital divide"
"3028","language identification"
"3029","wai"
"3030","wcag"
"3031","class names"
"3032","link relationships"
"3033","lowercase semantic web"
"3034","meta data"
"3035","microformats"
"3036","xfn"
"3037","xmdp"
"3038","dependency"
"3039","web retrieval"
"3040","encyclopedias"
"3041","agent technologies"
"3042","user interface design"
"3043","national web domains"
"3044","world trade graph"
"3045","semistructured data"
"3046","community net"
"3047","evolution"
"3048","evolution net"
"3049","non-negative matrix factorization"
"3050","soft membership"
"3051","spectral clustering"
"3052","abstract profile"
"3053","compliance"
"3054","petri nets"
"3055","ws-bpel"
"3056","service orientation"
"3057","test case prioritization"
"3058","near duplicate detection"
"3059","similarity join"
"3060","compact lca"
"3061","maximal clca"
"3062","keyword search"
"3063","unified keyword search"
"3064","input devices and strategies"
"3065","expertise search"
"3066","digital library"
"3067","collaborative web"
"3068","modeling debate"
"3069","scholarly interpretation"
"3070","scientific publishing"
"3071","mobility support tool"
"3072","travel"
"3073","travel objects"
"3074","concurrency control"
"3075","consistency maintenance"
"3076","cluster naming"
"3077","entropy based feature extraction"
"3078","web directory"
"3079","matchmaking"
"3080","cost-per-action"
"3081","navigational patterns"
"3082","inferencing"
"3083","learning to rank relational objects"
"3084","pseudo relevance feedback"
"3085","relational ranking svm"
"3086","genre classification"
"3087","linguistic"
"3088","term frequency"
"3089","core ontology of services"
"3090","descriptions and situations"
"3091","dolce"
"3092","bulletin board"
"3093","h-index"
"3094","log-normal"
"3095","radial tree"
"3096","thread"
"3097","click modeling"
"3098","click-through rate"
"3099","dynamic bayesian network"
"3100","navigational queries"
"3101","quicklinks"
"3102","toolbar data"
"3103","trails"
"3104","architectures and designs for web-based learning delivery environments"
"3105","models and metamodels"
"3106","requirements/specifications"
"3107","specification of educational applications"
"3108","uml language"
"3109","anti-phishing"
"3110","named entity recognition"
"3111","attributes of people"
"3112","disambiguation"
"3113","person names"
"3114","semantic grounding"
"3115","model development"
"3116","traffic characterization"
"3117","traffic models"
"3118","audio fingerprinting"
"3119","assessment"
"3120","podcasts"
"3121","user preferences"
"3122","activity taxonomy"
"3123","content object handling"
"3124","personal space extension"
"3125","absorbing random walks"
"3126","query click logs"
"3127","plagiarism"
"3128","review utility"
"3129","calendars"
"3130","time"
"3131","types"
"3132","web reasoning"
"3133","search result organization"
"3134","supervised learning"
"3135","control-flow analysis"
"3136","universal-topics"
"3137","machine-learning"
"3138","sensor"
"3139","sensor network"
"3140","stream-mining"
"3141","text-mining"
"3142","web of things"
"3143","web-mining"
"3144","semidefinite progromming"
"3145","open directory project"
"3146","related pages"
"3147","attribute inference"
"3148","groups"
"3149","automated negotiation"
"3150","service description"
"3151","html documents"
"3152","identity theft"
"3153","social network security"
"3154","service portals"
"3155","wsce"
"3156","reactive functionality"
"3157","rule analysis"
"3158","xml repositories"
"3159","automated media monitoring"
"3160","information mining and analysis"
"3161","multi-linguality"
"3162","open source text"
"3163","expert review"
"3164","opinion integration"
"3165","probabilistic topic modeling"
"3166","semi-supervised"
"3167","result caching"
"3168","weighted caching"
"3169","regular expressions"
"3170","visual similarity"
"3171","student tracking"
"3172","web-based distance education"
"3173","tail queries"
"3174","content models"
"3175","learning objects"
"3176","repurposing"
"3177","autocomplete"
"3178","fuzzy search"
"3179","educanext"
"3180","educational activity"
"3181","educational mediators"
"3182","ieee standard"
"3183","isabel application"
"3184","learning resource"
"3185","live collaboration over the internet"
"3186","videoconferencing"
"3187","statistical models"
"3188","large scale"
"3189","meta model"
"3190","metalabeler"
"3191","multi-label classification"
"3192","stable matchings"
"3193","aggregate function"
"3194","grouping"
"3195","data rewriting"
"3196","dissemination"
"3197","heterogeneous"
"3198","feature similarity"
"3199","authority and expertise in online communities"
"3200","tree cut model"
"3201","connection disruption"
"3202","mapping and merging"
"3203","wrapping"
"3204","discovery query"
"3205","path expression tree"
"3206","ranking complex relationships"
"3207","semantic associations search"
"3208","semantic match"
"3209","semantic ranking"
"3210","semantic relationship search"
"3211","semantic summary"
"3212","semrank"
"3213","paid search"
"3214","web advertising"
"3215","privacy enhancing technologies"
"3216","interaction manager"
"3217","mobile network"
"3218","multi-user applications"
"3219","multimodal interface"
"3220","session management"
"3221","ast tree matching"
"3222","execution-based measurement"
"3223","adaptive search"
"3224","empirical study"
"3225","task model"
"3226","task-based information exploration"
"3227","minimal perfect hashing"
"3228","perfect hash function"
"3229","space efficient hash table"
"3230","degree of separation"
"3231","influential"
"3232","online social network"
"3233","reciprocity"
"3234","retweet"
"3235","negative edges"
"3236","positive edges"
"3237","signed networks"
"3238","status theory"
"3239","structural balance"
"3240","compositional semantics"
"3241","extractive summarization"
"3242","landing pages"
"3243","axiomatic framework"
"3244","api"
"3245","gpu"
"3246","ir query processing"
"3247","compatibility"
"3248","format"
"3249","web3d"
"3250","wpf"
"3251","contextual bandit"
"3252","exploration/exploitation dilemma"
"3253","bilinear models"
"3254","dynamic features"
"3255","regression"
"3256","user and content profile"
"3257","competing campaigns"
"3258","information cascades"
"3259","misinformation"
"3260","submodular functions"
"3261","supermodular functions"
"3262","graph models"
"3263","social networking"
"3264","object-capabilities"
"3265","privilege separation"
"3266","balance"
"3267","coverage"
"3268","naive bayes"
"3269","web-scale taxonomy"
"3270","economic model"
"3271","market"
"3272","price of anarchy"